Week,Home,Away,Referee,Home_Value,Away_Value,Home_Atk,Home_Ort,Home_Def,Home_Gen,Away_Atk,Away_Ort,Away_Def,Away_Gen,Home_Bet,Draw_Bet,Away_Bet,Total_Goal,Alt_Bet,Ust_Bet,Ust,Home_Goal,Away_Goal,Target,Home_Point,Away_Point
1,Trabzonspor,Antalyaspor,Zorbay Kucuk,98.88,29.98,75,75,73,74,72,68,69,69,1.69,3.20,3.34,1,1.81,1.57,0,1,0,1,3.0,0.0
1,Kasımpaşa,Ankaragücü,Bahattin Simsek,27.93,34.68,67,66,67,66,70,68,68,69,2.32,2.96,2.31,5,1.82,1.57,1,3,2,1,3.0,0.0
1,Konyaspor,Istanbulspor,Burak Pakkan,26.5,7.8,66,69,71,69,65,64,65,65,1.62,3.27,3.58,2,1.91,1.5,0,1,1,0,1.0,1.0
1,Pendikspor,Hatayspor,Cagdas Altay,20.58,26.75,67,67,67,66,68,66,65,67,1.96,3.12,2.71,6,1.95,1.48,1,1,5,2,0.0,3.0
1,Kayserispor,Galatasaray,Halil Umut Meler,29.35,193.38,72,66,68,66,79,78,78,78,4.73,3.94,1.35,0,2.28,1.33,0,0,0,0,1.0,1.0
1,Sivasspor,Samsunspor,Murat Erdogan,20.13,33.23,67,69,66,67,69,69,69,69,2.15,3.03,2.46,2,1.68,1.68,0,1,1,0,1.0,1.0
1,Adana,Rize,Ümit Ozturk,38.63,31.28,70,74,73,72,65,66,65,65,1.39,3.96,4.33,3,2.42,1.29,1,2,1,1,3.0,0.0
1,Fenerbahce,Gaziantep,Abdulkadir Bitigen,201.45,22.33,78,74,76,76,69,69,66,67,1.12,5.32,8.18,3,2.55,1.25,1,2,1,1,3.0,0.0
1,Karagumruk,Beşiktaş,Erkan Özdamar,24.83,138.93,67,67,67,67,77,75,73,74,4.74,3.60,1.40,1,2.1,1.4,0,0,1,2,0.0,3.0
1,Alanya,Basaksehir,Tugay Numanoglu,25.13,44.2,69,70,68,69,73,72,71,72,2.48,3.03,2.14,2,1.69,1.66,0,2,0,1,3.0,0.0
2,Istanbulspor,Kayserispor,Sarper Paris Saka,7.8,29.35,65,64,65,65,72,66,68,66,2.09,3.11,2.49,2,1.9,1.5,0,1,1,0,2.0,2.0
2,Antalyaspor,Konyaspor,Ali Sansalan,29.98,26.5,72,68,69,69,66,69,71,69,1.86,3.05,2.95,2,1.68,1.68,0,1,1,0,1.0,2.0
2,Rize,Alanya,Yigit Arslan,31.28,25.13,65,66,65,65,69,70,68,69,1.82,3.23,2.93,0,1.93,1.49,0,0,0,0,1.0,4.0
2,Galatasaray,Trabzonspor,Atilla Karaoğlan,193.38,98.88,79,78,78,78,75,75,73,74,1.53,3.46,3.82,2,2.15,1.38,0,2,0,1,4.0,3.0
2,Hatayspor,Kasımpaşa,Mert Guzenge,26.75,27.93,68,66,65,67,67,66,67,66,2.15,3.09,2.42,0,1.8,1.58,0,0,0,0,4.0,4.0
2,Basaksehir,Karagumruk,Burak Seker,44.2,24.83,73,72,71,72,67,67,67,67,1.66,3.14,3.57,2,1.68,1.67,0,0,2,2,0.0,3.0
2,Beşiktaş,Pendikspor,Kadir Saglam,138.93,20.58,77,75,73,74,67,67,67,66,1.13,5.24,8.05,2,2.55,1.25,0,1,1,0,4.0,1.0
2,Gaziantep,Sivasspor,Arda Kardesler,22.33,20.13,69,69,66,67,67,69,66,67,2.42,3.00,2.20,4,1.65,1.71,1,1,3,2,0.0,4.0
2,Ankaragücü,Adana,Cihan Aydin,34.68,38.63,70,68,68,69,70,74,73,72,2.47,3.10,2.11,2,1.93,1.49,0,1,1,0,1.0,4.0
2,Samsunspor,Fenerbahce,Volkan Bayarslan,33.23,201.45,69,69,69,69,78,74,76,76,3.57,3.28,1.62,2,1.8,1.58,0,0,2,2,1.0,6.0
3,Konyaspor,Gaziantep,Mete Kalkavan,26.5,22.33,66,69,71,69,69,69,66,67,1.65,3.35,3.39,2,1.79,1.58,0,2,0,1,5.0,0.0
3,Kasımpaşa,Pendikspor,Yasar Kemal Uğurlu,27.93,20.58,67,66,67,66,67,67,67,66,1.84,3.09,2.98,2,1.81,1.58,0,1,1,0,5.0,2.0
3,Trabzonspor,Rize,Halil Umut Meler,98.88,31.28,75,75,73,74,65,66,65,65,1.53,3.33,4.01,5,1.76,1.6,1,2,3,2,3.0,4.0
3,Sivasspor,Antalyaspor,Ümit Ozturk,20.13,29.98,67,69,66,67,72,68,69,69,2.19,2.95,2.47,2,1.63,1.73,0,1,1,0,5.0,2.0
3,Karagumruk,Ankaragücü,Turgut Doman,24.83,34.68,67,67,67,67,70,68,68,69,2.09,3.15,2.47,2,1.91,1.5,0,1,1,0,4.0,2.0
3,Kayserispor,Samsunspor,Bahattin Simsek,29.35,33.23,72,66,68,66,69,69,69,69,2.25,3.03,2.34,3,1.7,1.66,1,2,1,1,5.0,1.0
3,Alanya,Hatayspor,Direnç Tosunoğlu,25.13,26.75,69,70,68,69,68,66,65,67,1.88,3.03,2.95,0,1.73,1.63,0,0,0,0,5.0,5.0
3,Istanbulspor,Galatasaray,Abdulkadir Bitigen,7.8,193.38,65,64,65,65,79,78,78,78,8.57,5.41,1.11,1,2.56,1.25,0,0,1,2,2.0,7.0
3,Adana,Beşiktaş,Ümit Ozturk,38.63,138.93,70,74,73,72,77,75,73,74,2.76,3.36,1.84,6,2.26,1.34,1,4,2,1,7.0,4.0
3,Fenerbahce,Basaksehir,Zorbay Kucuk,201.45,44.2,78,74,76,76,73,72,71,72,1.19,4.49,7.01,4,2.05,1.42,1,4,0,1,9.0,0.0
4,Rize,Karagumruk,Murat Erdogan,31.28,24.83,65,66,65,65,67,67,67,67,1.90,3.03,2.91,1,1.6,1.76,0,1,0,1,7.0,4.0
4,Kasımpaşa,Trabzonspor,Erkan Özdamar,27.93,98.88,67,66,67,66,75,75,73,74,2.52,3.05,2.09,6,1.68,1.67,1,1,5,2,5.0,6.0
4,Basaksehir,Konyaspor,Atilla Karaoğlan,44.2,26.5,73,72,71,72,66,69,71,69,2.01,3.02,2.67,1,1.59,1.77,0,0,1,2,0.0,8.0
4,Pendikspor,Alanya,Abdulkadir Bitigen,20.58,25.13,67,67,67,66,69,70,68,69,2.36,3.09,2.21,2,1.84,1.54,0,1,1,0,3.0,6.0
4,Antalyaspor,Kayserispor,Yasin Kol,29.98,29.35,72,68,69,69,72,66,68,66,1.64,3.34,3.43,2,1.77,1.6,0,1,1,0,3.0,6.0
4,Gaziantep,Galatasaray,Ali Sansalan,22.33,193.38,69,69,66,67,79,78,78,78,5.22,4.10,1.30,3,2.17,1.37,1,0,3,2,0.0,10.0
4,Beşiktaş,Sivasspor,Zorbay Kucuk,138.93,20.13,77,75,73,74,67,69,66,67,1.21,4.48,6.49,2,2.12,1.39,0,2,0,1,7.0,5.0
4,Ankaragücü,Fenerbahce,Arda Kardesler,34.68,201.45,70,68,68,69,78,74,76,76,3.88,3.38,1.54,1,1.83,1.55,0,0,1,2,2.0,12.0
4,Hatayspor,Adana,Sarper Paris Saka,26.75,38.63,68,66,65,67,70,74,73,72,2.71,3.36,1.86,6,2.09,1.41,1,3,3,0,6.0,8.0
4,Samsunspor,Istanbulspor,Burak Seker,33.23,7.8,69,69,69,69,65,64,65,65,1,1,1,3,1.0,1.0,1,2,1,1,4.0,2.0
5,Konyaspor,Rize,Bahattin Simsek,26.5,31.28,66,69,71,69,65,66,65,65,1.77,3.12,3.17,3,1.74,1.63,1,1,2,2,8.0,10.0
5,Kayserispor,Gaziantep,Ümit Ozturk,29.35,22.33,72,66,68,66,69,69,66,67,1.98,3.09,2.69,2,1.75,1.61,0,2,0,1,9.0,0.0
5,Adana,Pendikspor,Mert Guzenge,38.63,20.58,70,74,73,72,67,67,67,66,1.41,3.79,4.41,3,2.39,1.3,1,3,0,1,11.0,3.0
5,Galatasaray,Samsunspor,Cihan Aydin,193.38,33.23,79,78,78,78,69,69,69,69,1.24,4.39,6.12,6,2.22,1.35,1,4,2,1,13.0,4.0
5,Istanbulspor,Basaksehir,Direnç Tosunoğlu,7.8,44.2,65,64,65,65,73,72,71,72,2.85,3.03,1.92,2,1.66,1.7,0,0,2,2,2.0,3.0
5,Fenerbahce,Antalyaspor,Halil Umut Meler,201.45,29.98,78,74,76,76,72,68,69,69,1.25,4.25,6.16,5,2.06,1.42,1,3,2,1,15.0,3.0
5,Alanya,Kasımpaşa,Turgut Doman,25.13,27.93,69,70,68,69,67,66,67,66,1.75,3.08,3.26,6,1.73,1.63,1,3,3,0,7.0,6.0
5,Trabzonspor,Beşiktaş,Volkan Bayarslan,98.88,138.93,75,75,73,74,77,75,73,74,2.71,3.13,1.95,3,1.86,1.53,1,3,0,1,9.0,7.0
5,Sivasspor,Ankaragücü,Cagdas Altay,20.13,34.68,67,69,66,67,70,68,68,69,1.97,2.95,2.82,4,1.58,1.8,1,1,3,2,5.0,5.0
5,Karagumruk,Hatayspor,Yasar Kemal Uğurlu,24.83,26.75,67,67,67,67,68,66,65,67,1.74,3.10,3.30,0,1.73,1.64,0,0,0,0,5.0,7.0
6,Gaziantep,Istanbulspor,Murat Erdogan,22.33,7.8,69,69,66,67,65,64,65,65,1.64,3.28,3.47,2,1.9,1.5,0,2,0,1,3.0,2.0
6,Pendikspor,Karagumruk,Tugay Numanoglu,20.58,24.83,67,67,67,66,67,67,67,67,2.09,3.00,2.56,2,1.83,1.55,0,1,1,0,4.0,6.0
6,Rize,Sivasspor,Burak Pakkan,31.28,20.13,65,66,65,65,67,69,66,67,1.77,3.12,3.16,2,1.72,1.65,0,1,1,0,11.0,6.0
6,Antalyaspor,Samsunspor,Arda Kardesler,29.98,33.23,72,68,69,69,69,69,69,69,1.90,3.03,2.87,2,1.74,1.63,0,2,0,1,6.0,4.0
6,Basaksehir,Galatasaray,Kadir Saglam,44.2,193.38,73,72,71,72,79,78,78,78,3.49,3.16,1.67,3,1.8,1.58,1,1,2,2,3.0,16.0
6,Beşiktaş,Kayserispor,Ali Sansalan,138.93,29.35,77,75,73,74,72,66,68,66,1.20,4.50,6.66,3,2.22,1.35,1,2,1,1,10.0,9.0
6,Ankaragücü,Konyaspor,Erkan Özdamar,34.68,26.5,70,68,68,69,66,69,71,69,2.15,2.94,2.52,2,1.73,1.63,0,1,1,0,6.0,9.0
6,Alanya,Fenerbahce,Atilla Karaoğlan,25.13,201.45,69,70,68,69,78,74,76,76,4.61,3.59,1.42,1,2.05,1.42,0,0,1,2,7.0,18.0
6,Kasımpaşa,Adana,Yasin Kol,27.93,38.63,67,66,67,66,70,74,73,72,2.89,3.35,1.79,3,2.33,1.31,1,2,1,1,9.0,11.0
6,Hatayspor,Trabzonspor,Burak Seker,26.75,98.88,68,66,65,67,75,75,73,74,2.84,3.05,1.91,5,1.74,1.62,1,3,2,1,10.0,9.0
7,Samsunspor,Gaziantep,Burak Pakkan,33.23,22.33,69,69,69,69,69,69,66,67,1.62,3.31,3.55,3,1.73,1.64,1,1,2,2,4.0,6.0
7,Sivasspor,Hatayspor,Murat Erdogan,20.13,26.75,67,69,66,67,68,66,65,67,1.93,3.04,2.81,0,1.65,1.72,0,0,0,0,7.0,11.0
7,Istanbulspor,Antalyaspor,Cagdas Altay,7.8,29.98,65,64,65,65,72,68,69,69,3.44,3.26,1.66,3,1.81,1.57,1,1,2,2,2.0,9.0
7,Trabzonspor,Pendikspor,Bahattin Simsek,98.88,20.58,75,75,73,74,67,67,67,66,1.38,3.76,4.73,3,1.99,1.45,1,2,1,1,12.0,4.0
7,Galatasaray,Ankaragücü,Volkan Bayarslan,193.38,34.68,79,78,78,78,70,68,68,69,1.09,5.63,9.21,3,2.51,1.26,1,2,1,1,19.0,6.0
7,Karagumruk,Kasımpaşa,Atilla Karaoğlan,24.83,27.93,67,67,67,67,67,66,67,66,2.04,3.14,2.55,5,1.76,1.6,1,2,3,2,6.0,12.0
7,Fenerbahce,Rize,Cihan Aydin,201.45,31.28,78,74,76,76,65,66,65,65,1.12,5.24,8.36,5,2.4,1.29,1,5,0,1,21.0,11.0
7,Adana,Alanya,Ali Sansalan,38.63,25.13,70,74,73,72,69,70,68,69,1.51,3.63,3.77,4,2.29,1.33,1,4,0,1,14.0,7.0
7,Konyaspor,Beşiktaş,Arda Kardesler,26.5,138.93,66,69,71,69,77,75,73,74,2.67,2.96,2.04,2,1.66,1.7,0,0,2,2,9.0,13.0
7,Kayserispor,Basaksehir,Halil Umut Meler,29.35,44.2,72,66,68,66,73,72,71,72,2.24,2.89,2.44,0,1.61,1.75,0,0,0,0,10.0,4.0
8,Adana,Trabzonspor,Kadir Saglam,38.63,98.88,70,74,73,72,75,75,73,74,1.75,3.24,3.11,1,2.2,1.36,0,1,0,1,17.0,12.0
8,Alanya,Karagumruk,Direnç Tosunoğlu,25.13,24.83,69,70,68,69,67,67,67,67,2.12,2.87,2.63,3,1.64,1.72,1,2,1,1,10.0,6.0
8,Pendikspor,Sivasspor,Turgut Doman,20.58,20.13,67,67,67,66,67,69,66,67,2.22,2.95,2.44,5,1.54,1.84,1,2,3,2,4.0,10.0
8,Ankaragücü,Kayserispor,Mert Guzenge,34.68,29.35,70,68,68,69,72,66,68,66,1.94,3.02,2.81,3,1.79,1.58,1,3,0,1,9.0,10.0
8,Basaksehir,Gaziantep,Sarper Paris Saka,44.2,22.33,73,72,71,72,69,69,66,67,1.86,2.93,3.11,2,1.64,1.73,0,2,0,1,7.0,6.0
8,Antalyaspor,Galatasaray,Zorbay Kucuk,29.98,193.38,72,68,69,69,79,78,78,78,3.99,3.32,1.54,2,2.03,1.43,0,0,2,2,9.0,22.0
8,Rize,Samsunspor,Abdulkadir Bitigen,31.28,33.23,65,66,65,65,69,69,69,69,2.27,2.92,2.39,1,1.64,1.72,0,1,0,1,14.0,4.0
8,Beşiktaş,Istanbulspor,Tugay Numanoglu,138.93,7.8,77,75,73,74,65,64,65,65,1.09,5.64,9.43,2,2.43,1.28,0,2,0,1,16.0,2.0
8,Hatayspor,Konyaspor,Ümit Ozturk,26.75,26.5,68,66,65,67,66,69,71,69,2.17,2.85,2.56,4,1.49,1.93,1,3,1,1,14.0,9.0
8,Kasımpaşa,Fenerbahce,Mete Kalkavan,27.93,201.45,67,66,67,66,78,74,76,76,5.87,4.30,1.25,2,2.27,1.34,0,0,2,2,12.0,24.0
9,Kayserispor,Rize,Burak Seker,29.35,31.28,72,66,68,66,65,66,65,65,1.92,3.01,2.87,4,1.69,1.66,1,3,1,1,13.0,14.0
9,Konyaspor,Pendikspor,Cagdas Altay,26.5,20.58,66,69,71,69,67,67,67,66,1.72,3.10,3.36,3,1.65,1.72,1,1,2,2,9.0,7.0
9,Gaziantep,Antalyaspor,Atilla Karaoğlan,22.33,29.98,69,69,66,67,72,68,69,69,2.30,2.92,2.36,1,1.61,1.75,0,1,0,1,9.0,9.0
9,Galatasaray,Beşiktaş,Halil Umut Meler,193.38,138.93,79,78,78,78,77,75,73,74,1.47,3.62,4.05,3,2.16,1.37,1,2,1,1,25.0,16.0
9,Sivasspor,Kasımpaşa,Yasar Kemal Uğurlu,20.13,27.93,67,69,66,67,67,66,67,66,1.72,3.24,3.21,1,1.83,1.55,0,0,1,2,10.0,15.0
9,Istanbulspor,Ankaragücü,Yigit Arslan,7.8,34.68,65,64,65,65,70,68,68,69,2.87,3.13,1.87,3,1.78,1.59,1,2,1,1,5.0,9.0
9,Samsunspor,Basaksehir,Murat Erdogan,33.23,44.2,69,69,69,69,73,72,71,72,1.90,2.97,2.93,0,1.61,1.75,0,0,0,0,5.0,8.0
9,Fenerbahce,Hatayspor,Volkan Bayarslan,201.45,26.75,78,74,76,76,68,66,65,67,1.05,6.61,12.50,6,2.6,1.24,1,4,2,1,27.0,14.0
9,Karagumruk,Adana,Bahattin Simsek,24.83,38.63,67,67,67,67,70,74,73,72,2.70,3.23,1.91,2,2.06,1.42,0,2,0,1,9.0,17.0
9,Trabzonspor,Alanya,Arda Kardesler,98.88,25.13,75,75,73,74,69,70,68,69,1.50,3.50,3.94,1,1.87,1.52,0,1,0,1,15.0,10.0
10,Kasımpaşa,Istanbulspor,Erkan Özdamar,27.93,7.8,67,66,67,66,65,64,65,65,1.67,3.24,3.37,4,1.9,1.5,1,3,1,1,18.0,5.0
10,Hatayspor,Kayserispor,Sarper Paris Saka,26.75,29.35,68,66,65,67,72,66,68,66,2.10,3.04,2.52,3,1.74,1.63,1,1,2,2,14.0,16.0
10,Alanya,Sivasspor,Mert Guzenge,25.13,20.13,69,70,68,69,67,69,66,67,1.93,3.02,2.85,3,1.66,1.71,1,1,2,2,10.0,13.0
10,Rize,Galatasaray,Kadir Saglam,31.28,193.38,65,66,65,65,79,78,78,78,6.63,4.67,1.19,1,2.38,1.3,0,0,1,2,14.0,28.0
10,Adana,Konyaspor,Turgut Doman,38.63,26.5,70,74,73,72,66,69,71,69,1.58,3.39,3.60,3,1.99,1.45,1,3,0,1,20.0,9.0
10,Karagumruk,Trabzonspor,Ali Sansalan,24.83,98.88,67,67,67,67,75,75,73,74,2.58,2.93,2.11,0,1.58,1.79,0,0,0,0,10.0,16.0
10,Pendikspor,Fenerbahce,Abdulkadir Bitigen,20.58,201.45,67,67,67,66,78,74,76,76,7.59,5.07,1.15,5,2.47,1.27,1,0,5,2,7.0,30.0
10,Antalyaspor,Basaksehir,Ümit Ozturk,29.98,44.2,72,68,69,69,73,72,71,72,1.82,2.97,3.18,1,1.53,1.85,0,1,0,1,12.0,8.0
10,Ankaragücü,Samsunspor,Cihan Aydin,34.68,33.23,70,68,68,69,69,69,69,69,2.31,2.92,2.34,2,1.62,1.74,0,2,0,1,12.0,5.0
10,Beşiktaş,Gaziantep,Mete Kalkavan,138.93,22.33,77,75,73,74,69,69,66,67,1.36,3.82,4.83,2,2.01,1.44,0,2,0,1,19.0,9.0
11,Galatasaray,Kasımpaşa,Arda Kardesler,193.38,27.93,79,78,78,78,67,66,67,66,1.07,6.42,9.12,3,3.51,1.1,1,2,1,1,31.0,18.0
11,Istanbulspor,Pendikspor,Murat Erdogan,7.8,20.58,65,64,65,65,67,67,67,66,2.26,2.99,2.35,6,1.74,1.62,1,2,4,2,5.0,10.0
11,Samsunspor,Hatayspor,Halil Umut Meler,33.23,26.75,69,69,69,69,68,66,65,67,1.77,3.08,3.19,3,1.63,1.74,1,2,1,1,8.0,14.0
11,Fenerbahce,Trabzonspor,Zorbay Kucuk,201.45,98.88,78,74,76,76,75,75,73,74,1.20,4.53,6.68,5,2.21,1.35,1,2,3,2,30.0,19.0
11,Sivasspor,Adana,Burak Pakkan,20.13,38.63,67,69,66,67,70,74,73,72,2.11,3.12,2.45,2,2.05,1.42,0,1,1,0,14.0,21.0
11,Konyaspor,Karagumruk,Mert Guzenge,26.5,24.83,66,69,71,69,67,67,67,67,1.79,3.02,3.22,2,1.57,1.82,0,1,1,0,10.0,11.0
11,Basaksehir,Ankaragücü,Cagdas Altay,44.2,34.68,73,72,71,72,70,68,68,69,1.94,3.00,2.83,6,1.59,1.77,1,3,3,0,9.0,13.0
11,Antalyaspor,Beşiktaş,Yasar Kemal Uğurlu,29.98,138.93,72,68,69,69,77,75,73,74,2.23,3.00,2.39,5,1.73,1.64,1,3,2,1,15.0,19.0
11,Gaziantep,Rize,Ali Sansalan,22.33,31.28,69,69,66,67,65,66,65,65,1.92,2.95,2.92,2,1.58,1.79,0,2,0,1,12.0,14.0
11,Kayserispor,Alanya,Tugay Numanoglu,29.35,25.13,72,66,68,66,69,70,68,69,1.74,3.12,3.27,1,1.85,1.54,0,1,0,1,19.0,10.0
12,Ankaragücü,Antalyaspor,Direnç Tosunoğlu,34.68,29.98,70,68,68,69,72,68,69,69,2.18,2.93,2.49,4,1.61,1.75,1,0,4,2,13.0,18.0
12,Trabzonspor,Konyaspor,Cihan Aydin,98.88,26.5,75,75,73,74,66,69,71,69,1.42,3.44,4.75,3,1.68,1.67,1,2,1,1,22.0,10.0
12,Kasımpaşa,Kayserispor,Cagdas Altay,27.93,29.35,67,66,67,66,72,66,68,66,1.98,3.30,2.54,7,2.06,1.42,1,3,4,2,18.0,22.0
12,Alanya,Gaziantep,Turgut Doman,25.13,22.33,69,70,68,69,69,69,66,67,1.99,2.99,2.73,3,1.6,1.77,1,0,3,2,10.0,15.0
12,Karagumruk,Sivasspor,Murat Erdogan,24.83,20.13,67,67,67,67,67,69,66,67,1.96,2.96,2.83,3,1.58,1.79,1,3,0,1,14.0,14.0
12,Hatayspor,Galatasaray,Bahattin Simsek,26.75,193.38,68,66,65,67,79,78,78,78,5.46,4.41,1.26,3,2.43,1.28,1,2,1,1,17.0,31.0
12,Pendikspor,Samsunspor,Burak Pakkan,20.58,33.23,67,67,67,66,69,69,69,69,2.55,2.98,2.11,1,1.7,1.66,0,1,0,1,13.0,8.0
12,Rize,Istanbulspor,Sarper Paris Saka,31.28,7.8,65,66,65,65,65,64,65,65,1.48,3.42,4.33,1,1.84,1.54,0,1,0,1,17.0,5.0
12,Beşiktaş,Basaksehir,Arda Kardesler,138.93,44.2,77,75,73,74,73,72,71,72,1.56,3.28,3.89,1,1.66,1.71,0,1,0,1,22.0,9.0
12,Adana,Fenerbahce,Halil Umut Meler,38.63,201.45,70,74,73,72,78,74,76,76,2.94,3.60,1.71,0,2.79,1.2,0,0,0,0,22.0,31.0
13,Istanbulspor,Hatayspor,Tugay Numanoglu,7.8,26.75,65,64,65,65,68,66,65,67,2.61,2.96,2.08,3,1.66,1.7,1,2,1,1,8.0,17.0
13,Konyaspor,Kasımpaşa,Direnç Tosunoğlu,26.5,27.93,66,69,71,69,67,66,67,66,1.86,3.11,2.93,2,1.79,1.58,0,2,0,1,13.0,18.0
13,Gaziantep,Ankaragücü,Ümit Ozturk,22.33,34.68,69,69,66,67,70,68,68,69,1.83,2.99,3.10,1,1.59,1.78,0,0,1,2,15.0,16.0
13,Galatasaray,Alanya,Ali Sansalan,193.38,25.13,79,78,78,78,69,70,68,69,1.09,5.80,9.08,4,2.71,1.22,1,4,0,1,34.0,10.0
13,Kayserispor,Adana,Kadir Saglam,29.35,38.63,72,66,68,66,70,74,73,72,1.98,3.22,2.57,2,2.2,1.36,0,1,1,0,23.0,23.0
13,Samsunspor,Beşiktaş,Abdulkadir Bitigen,33.23,138.93,69,69,69,69,77,75,73,74,2.70,2.97,2.02,3,1.66,1.69,1,1,2,2,8.0,25.0
13,Antalyaspor,Rize,Turgut Doman,29.98,31.28,72,68,69,69,65,66,65,65,1.48,3.39,4.33,0,1.76,1.6,0,0,0,0,19.0,18.0
13,Fenerbahce,Karagumruk,Arda Kardesler,201.45,24.83,78,74,76,76,67,67,67,67,1.09,5.51,9.43,3,2.31,1.32,1,2,1,1,34.0,14.0
13,Sivasspor,Trabzonspor,Volkan Bayarslan,20.13,98.88,67,69,66,67,75,75,73,74,2.70,3.00,2.01,6,1.66,1.7,1,3,3,0,15.0,23.0
13,Basaksehir,Pendikspor,Cihan Aydin,44.2,20.58,73,72,71,72,67,67,67,66,1.74,3.09,3.29,5,1.7,1.66,1,4,1,1,12.0,13.0
14,Hatayspor,Antalyaspor,Yigit Arslan,26.75,29.98,68,66,65,67,72,68,69,69,2.76,2.92,2.01,6,1.65,1.71,1,3,3,0,18.0,20.0
14,Karagumruk,Istanbulspor,Kadir Saglam,24.83,7.8,67,67,67,67,65,64,65,65,1.43,3.38,4.79,3,1.73,1.63,1,3,0,1,17.0,8.0
14,Alanya,Konyaspor,Burak Pakkan,25.13,26.5,69,70,68,69,66,69,71,69,2.31,2.94,2.33,4,1.68,1.68,1,2,2,0,11.0,14.0
14,Rize,Basaksehir,Mert Guzenge,31.28,44.2,65,66,65,65,73,72,71,72,2.16,2.94,2.51,5,1.66,1.7,1,3,2,1,21.0,12.0
14,Adana,Samsunspor,Sarper Paris Saka,38.63,33.23,70,74,73,72,69,69,69,69,1.61,3.43,3.47,5,2.01,1.44,1,2,3,2,23.0,11.0
14,Pendikspor,Galatasaray,Volkan Bayarslan,20.58,193.38,67,67,67,66,79,78,78,78,7.30,5.12,1.15,2,2.56,1.25,0,0,2,2,13.0,37.0
14,Kasımpaşa,Gaziantep,Burak Seker,27.93,22.33,67,66,67,66,69,69,66,67,1.99,3.01,2.71,6,1.81,1.57,1,4,2,1,21.0,15.0
14,Trabzonspor,Kayserispor,Ümit Ozturk,98.88,29.35,75,75,73,74,72,66,68,66,1.42,3.66,4.45,1,1.98,1.45,0,0,1,2,23.0,26.0
14,Ankaragücü,Beşiktaş,Zorbay Kucuk,34.68,138.93,70,68,68,69,77,75,73,74,2.79,3.07,1.93,2,1.83,1.55,0,1,1,0,17.0,26.0
14,Fenerbahce,Sivasspor,Bahattin Simsek,201.45,20.13,78,74,76,76,67,69,66,67,1.07,5.95,10.10,5,2.55,1.25,1,4,1,1,37.0,15.0
15,Galatasaray,Adana,Abdulkadir Bitigen,193.38,38.63,79,78,78,78,70,74,73,72,1.14,5.38,7.16,4,3.19,1.14,1,3,1,1,40.0,23.0
15,Antalyaspor,Karagumruk,Cagdas Altay,29.98,24.83,72,68,69,69,67,67,67,67,1.66,3.18,3.50,3,1.64,1.73,1,2,1,1,23.0,17.0
15,Samsunspor,Kasımpaşa,Zorbay Kucuk,33.23,27.93,69,69,69,69,67,66,67,66,1.62,3.49,3.36,6,2.07,1.42,1,4,2,1,14.0,21.0
15,Beşiktaş,Fenerbahce,Atilla Karaoğlan,138.93,201.45,77,75,73,74,78,74,76,76,3.57,3.25,1.63,4,1.82,1.56,1,1,3,2,26.0,40.0
15,Istanbulspor,Alanya,Cihan Aydin,7.8,25.13,65,64,65,65,69,70,68,69,2.65,3.09,1.99,1,1.77,1.6,0,0,1,2,8.0,14.0
15,Kayserispor,Pendikspor,Turgut Doman,29.35,20.58,72,66,68,66,67,67,67,66,1.48,3.59,4.03,2,2.07,1.42,0,2,0,1,29.0,13.0
15,Basaksehir,Hatayspor,Burak Seker,44.2,26.75,73,72,71,72,68,66,65,67,1.68,3.13,3.44,1,1.69,1.66,0,1,0,1,15.0,18.0
15,Gaziantep,Trabzonspor,Arda Kardesler,22.33,98.88,69,69,66,67,75,75,73,74,3.17,3.01,1.81,4,1.67,1.69,1,1,3,2,15.0,26.0
15,Konyaspor,Sivasspor,Tugay Numanoglu,26.5,20.13,66,69,71,69,67,69,66,67,1.83,3.07,3.03,1,1.58,1.79,0,0,1,2,14.0,18.0
15,Ankaragücü,Rize,Halil Umut Meler,34.68,31.28,70,68,68,69,65,66,65,65,1.80,3.18,3.03,2,1.83,1.55,0,1,1,0,18.0,22.0
16,Alanya,Ankaragücü,Direnç Tosunoğlu,25.13,34.68,69,70,68,69,70,68,68,69,1.71,3.07,3.44,2,1.6,1.76,0,1,1,0,15.0,19.0
16,Pendikspor,Antalyaspor,Oğuzhan Cakir,20.58,29.98,67,67,67,66,72,68,69,69,2.36,2.89,2.31,1,1.58,1.79,0,0,1,2,13.0,26.0
16,Rize,Beşiktaş,Abdulkadir Bitigen,31.28,138.93,65,66,65,65,77,75,73,74,2.14,3.11,2.41,4,1.84,1.55,1,0,4,2,22.0,29.0
16,Kasımpaşa,Basaksehir,Burak Pakkan,27.93,44.2,67,66,67,66,73,72,71,72,2.05,3.19,2.50,3,1.94,1.48,1,0,3,2,21.0,18.0
16,Hatayspor,Gaziantep,Ümit Ozturk,26.75,22.33,68,66,65,67,69,69,66,67,1.90,2.95,2.96,0,1.56,1.82,0,0,0,0,19.0,16.0
16,Karagumruk,Kayserispor,Burak Seker,24.83,29.35,67,67,67,67,72,66,68,66,1.90,2.96,2.95,5,1.63,1.74,1,4,1,1,20.0,29.0
16,Fenerbahce,Konyaspor,Kadir Saglam,201.45,26.5,78,74,76,76,66,69,71,69,1.07,5.88,10.40,8,2.44,1.28,1,7,1,1,43.0,14.0
16,Adana,Istanbulspor,Murat Erdogan,38.63,7.8,70,74,73,72,65,64,65,65,1.30,4.25,5.03,4,2.47,1.27,1,2,2,0,24.0,9.0
16,Sivasspor,Galatasaray,Zorbay Kucuk,20.13,193.38,67,69,66,67,79,78,78,78,4.15,3.49,1.49,2,1.9,1.5,0,1,1,0,19.0,41.0
16,Trabzonspor,Samsunspor,Cihan Aydin,98.88,33.23,75,75,73,74,69,69,69,69,1.54,3.12,4.33,3,1.57,1.81,1,2,1,1,29.0,14.0
17,Basaksehir,Sivasspor,Mete Kalkavan,44.2,20.13,73,72,71,72,67,69,66,67,1.94,2.98,2.85,4,1.59,1.78,1,3,1,1,21.0,19.0
17,Gaziantep,Adana,Bahattin Simsek,22.33,38.63,69,69,66,67,70,74,73,72,2.46,3.17,2.09,4,1.96,1.47,1,2,2,0,17.0,25.0
17,Istanbulspor,Trabzonspor,Ali Sansalan,7.8,98.88,65,64,65,65,75,75,73,74,4.99,3.98,1.34,3,2.07,1.41,1,0,3,2,9.0,32.0
17,Kayserispor,Fenerbahce,Zorbay Kucuk,29.35,201.45,72,66,68,66,78,74,76,76,4.79,3.73,1.38,7,1.95,1.48,1,3,4,2,29.0,46.0
17,Antalyaspor,Kasımpaşa,Kadir Saglam,29.98,27.93,72,68,69,69,67,66,67,66,1.74,3.28,3.10,0,1.95,1.48,0,0,0,0,27.0,22.0
17,Galatasaray,Karagumruk,Tugay Numanoglu,193.38,24.83,79,78,78,78,67,67,67,67,1.13,5.23,7.97,1,2.47,1.27,0,1,0,1,44.0,20.0
17,Rize,Pendikspor,Direnç Tosunoğlu,31.28,20.58,65,66,65,65,67,67,67,66,1.76,3.33,2.98,6,2.05,1.42,1,5,1,1,25.0,13.0
17,Samsunspor,Konyaspor,Murat Erdogan,33.23,26.5,69,69,69,69,66,69,71,69,1.94,2.89,2.93,2,1.48,1.95,0,1,1,0,15.0,15.0
17,Beşiktaş,Alanya,Ümit Ozturk,138.93,25.13,77,75,73,74,69,70,68,69,1.45,3.64,4.22,4,1.98,1.46,1,1,3,2,29.0,18.0
17,Ankaragücü,Hatayspor,Abdulkadir Bitigen,34.68,26.75,70,68,68,69,68,66,65,67,1.98,3.03,2.73,0,1.58,1.79,0,0,0,0,20.0,20.0
18,Sivasspor,Istanbulspor,Mert Guzenge,20.13,7.8,67,69,66,67,65,64,65,65,1.30,3.97,5.61,1,1.86,1.53,0,1,0,1,22.0,9.0
18,Karagumruk,Gaziantep,Ali Sansalan,24.83,22.33,67,67,67,67,69,69,66,67,1.53,3.28,4.06,3,1.65,1.71,1,0,3,2,20.0,20.0
18,Trabzonspor,Basaksehir,Volkan Bayarslan,98.88,44.2,75,75,73,74,73,72,71,72,1.44,3.55,4.45,2,1.8,1.58,0,1,1,0,33.0,22.0
18,Konyaspor,Kayserispor,Bahattin Simsek,26.5,29.35,66,69,71,69,72,66,68,66,2.14,2.90,2.56,2,1.55,1.83,0,2,0,1,18.0,29.0
18,Adana,Antalyaspor,Burak Pakkan,38.63,29.98,70,74,73,72,72,68,69,69,1.79,3.27,2.97,3,1.98,1.46,1,2,1,1,28.0,27.0
18,Fenerbahce,Galatasaray,Arda Kardesler,201.45,193.38,78,74,76,76,79,78,78,78,1.92,3.23,2.68,0,2.04,1.42,0,0,0,0,47.0,45.0
18,Alanya,Samsunspor,Tugay Numanoglu,25.13,33.23,69,70,68,69,69,69,69,69,2.28,2.86,2.42,4,1.51,1.88,1,3,1,1,21.0,15.0
18,Kasımpaşa,Rize,Turgut Doman,27.93,31.28,67,66,67,66,65,66,65,65,2.10,3.20,2.42,4,2.08,1.41,1,2,2,0,23.0,26.0
18,Pendikspor,Ankaragücü,Ümit Ozturk,20.58,34.68,67,67,67,66,70,68,68,69,2.63,2.94,2.07,2,1.62,1.74,0,1,1,0,14.0,21.0
18,Hatayspor,Beşiktaş,Kadir Saglam,26.75,138.93,68,66,65,67,77,75,73,74,2.31,3.01,2.29,3,1.68,1.67,1,1,2,2,20.0,32.0
19,Gaziantep,Pendikspor,Cagdas Altay,22.33,20.58,69,69,66,67,67,67,67,66,1.73,3.25,3.18,4,1.74,1.62,1,2,2,0,21.0,15.0
19,Beşiktaş,Kasımpaşa,Arda Kardesler,138.93,27.93,77,75,73,74,67,66,67,66,1.46,3.84,3.87,4,2.45,1.28,1,1,3,2,32.0,26.0
19,Antalyaspor,Alanya,Mert Guzenge,29.98,25.13,72,68,69,69,69,70,68,69,1.82,2.90,3.23,0,1.48,1.94,0,0,0,0,28.0,22.0
19,Rize,Hatayspor,Cihan Aydin,31.28,26.75,65,66,65,65,68,66,65,67,1.66,3.15,3.53,2,1.67,1.68,0,2,0,1,29.0,20.0
19,Basaksehir,Adana,Turgut Doman,44.2,38.63,73,72,71,72,70,74,73,72,1.81,3.27,2.91,0,1.89,1.51,0,0,0,0,23.0,29.0
19,Samsunspor,Karagumruk,Emre Kargin,33.23,24.83,69,69,69,69,67,67,67,67,2.13,2.83,2.64,1,1.44,2.01,0,1,0,1,18.0,20.0
19,Ankaragücü,Trabzonspor,Burak Seker,34.68,98.88,70,68,68,69,75,75,73,74,3.00,2.93,1.90,1,1.48,1.95,0,0,1,2,21.0,36.0
19,Kayserispor,Sivasspor,Alper Akarsu,29.35,20.13,72,66,68,66,67,69,66,67,1.91,3.08,2.82,4,1.67,1.69,1,1,3,2,29.0,25.0
19,Istanbulspor,Fenerbahce,Volkan Bayarslan,7.8,201.45,65,64,65,65,78,74,76,76,11.85,6.45,1.06,6,2.69,1.22,1,1,5,2,9.0,50.0
19,Galatasaray,Konyaspor,Ali Sansalan,193.38,26.5,79,78,78,78,66,69,71,69,1.15,4.90,7.91,3,2.11,1.4,1,3,0,1,48.0,18.0
20,Hatayspor,Pendikspor,Muhammet Metoglu,26.75,20.58,68,66,65,67,67,67,67,66,1.85,2.99,3.06,2,1.57,1.82,0,1,1,0,21.0,16.0
20,Ankaragücü,Kasımpaşa,Omer Turtay,34.68,27.93,70,68,68,69,67,66,67,66,2.06,3.02,2.59,4,1.74,1.62,1,3,1,1,24.0,26.0
20,Basaksehir,Alanya,Arda Kardesler,44.2,25.13,73,72,71,72,69,70,68,69,1.82,2.98,3.13,5,1.58,1.79,1,3,2,1,26.0,22.0
20,Beşiktaş,Karagumruk,Mert Guzenge,138.93,24.83,77,75,73,74,67,67,67,67,1.68,3.28,3.29,3,1.78,1.59,1,3,0,1,35.0,20.0
20,Rize,Adana,Volkan Bayarslan,31.28,38.63,65,66,65,65,70,74,73,72,1.66,3.41,3.23,1,1.97,1.47,0,1,0,1,32.0,29.0
20,Istanbulspor,Konyaspor,Halil Umut Meler,7.8,26.5,65,64,65,65,66,69,71,69,2.60,2.94,2.10,0,1.59,1.77,0,0,0,0,10.0,19.0
20,Antalyaspor,Trabzonspor,Bahattin Simsek,29.98,98.88,72,68,69,69,75,75,73,74,2.17,2.79,2.61,2,1.45,1.99,0,1,1,0,29.0,37.0
20,Samsunspor,Sivasspor,Burak Seker,33.23,20.13,69,69,69,69,67,69,66,67,1.61,3.05,3.92,2,1.51,1.9,0,2,0,1,21.0,25.0
20,Gaziantep,Fenerbahce,Tugay Numanoglu,22.33,201.45,69,69,66,67,78,74,76,76,6.76,4.62,1.19,1,2.16,1.37,0,0,1,2,21.0,53.0
20,Galatasaray,Kayserispor,Atilla Karaoğlan,193.38,29.35,79,78,78,78,72,66,68,66,1.06,6.35,10.30,3,2.97,1.17,1,2,1,1,51.0,29.0
21,Kasımpaşa,Hatayspor,Abdullah Taskinsoy,27.93,26.75,67,66,67,66,68,66,65,67,1.84,3.22,2.87,3,1.93,1.49,1,3,0,1,29.0,21.0
21,Alanya,Rize,Ali Sansalan,25.13,31.28,69,70,68,69,65,66,65,65,1.89,3.04,2.90,3,1.74,1.63,1,2,1,1,25.0,32.0
21,Karagumruk,Basaksehir,Ümit Ozturk,24.83,44.2,67,67,67,67,73,72,71,72,2.23,2.84,2.49,2,1.54,1.84,0,1,1,0,21.0,27.0
21,Pendikspor,Beşiktaş,Tugay Numanoglu,20.58,138.93,67,67,67,66,77,75,73,74,3.07,3.41,1.72,4,2.05,1.42,1,4,0,1,19.0,35.0
21,Adana,Ankaragücü,Arda Kardesler,38.63,34.68,70,74,73,72,70,68,68,69,1.88,2.92,3.06,2,1.57,1.82,0,1,1,0,30.0,25.0
21,Sivasspor,Gaziantep,Kadir Saglam,20.13,22.33,67,69,66,67,69,69,66,67,1.81,2.95,3.23,4,1.57,1.81,1,2,2,0,26.0,22.0
21,Konyaspor,Antalyaspor,Zorbay Kucuk,26.5,29.98,66,69,71,69,72,68,69,69,2.63,2.76,2.18,2,1.45,1.98,0,1,1,0,20.0,30.0
21,Fenerbahce,Samsunspor,Bahattin Simsek,201.45,33.23,78,74,76,76,69,69,69,69,1.08,5.75,9.79,2,2.58,1.25,0,1,1,0,54.0,22.0
21,Trabzonspor,Galatasaray,Abdulkadir Bitigen,98.88,193.38,75,75,73,74,79,78,78,78,3.55,3.31,1.61,6,1.82,1.57,1,1,5,2,37.0,54.0
21,Kayserispor,Istanbulspor,Cihan Aydin,29.35,7.8,72,66,68,66,65,64,65,65,1.48,3.47,4.02,1,1.95,1.42,0,0,1,2,29.0,13.0
22,Hatayspor,Alanya,Emre Kargin,26.75,25.13,68,66,65,67,69,70,68,69,2.31,2.86,2.32,2,1.53,1.78,0,1,1,0,22.0,26.0
22,Beşiktaş,Adana,Atilla Karaoğlan,138.93,38.63,77,75,73,74,70,74,73,72,1.41,3.76,4.20,0,2.18,1.33,0,0,0,0,36.0,31.0
22,Pendikspor,Kasımpaşa,Burak Seker,20.58,27.93,67,67,67,66,67,66,67,66,1.96,3.22,2.55,5,2.1,1.35,1,3,2,1,22.0,29.0
22,Gaziantep,Konyaspor,Volkan Bayarslan,22.33,26.5,69,69,66,67,66,69,71,69,2.28,2.73,2.45,2,1.41,1.99,0,1,1,0,23.0,21.0
22,Ankaragücü,Karagumruk,Muhammet Metoglu,34.68,24.83,70,68,68,69,67,67,67,67,1.92,2.83,2.93,2,1.42,1.98,0,2,0,1,28.0,21.0
22,Antalyaspor,Sivasspor,Turgut Doman,29.98,20.13,72,68,69,69,67,69,66,67,1.42,3.39,4.58,3,1.68,1.61,1,2,1,1,33.0,26.0
22,Basaksehir,Fenerbahce,Abdulkadir Bitigen,44.2,201.45,73,72,71,72,78,74,76,76,5.22,3.86,1.31,1,1.86,1.48,0,0,1,2,27.0,57.0
22,Samsunspor,Kayserispor,Cagdas Altay,33.23,29.35,69,69,69,69,72,66,68,66,1.52,3.36,3.85,2,1.78,1.54,0,2,0,1,25.0,29.0
22,Rize,Trabzonspor,Ümit Ozturk,31.28,98.88,65,66,65,65,75,75,73,74,2.11,2.84,2.57,1,1.5,1.83,0,1,0,1,35.0,37.0
22,Galatasaray,Istanbulspor,Bahattin Simsek,193.38,7.8,79,78,78,78,65,64,65,65,1,7.51,14.75,4,3.07,1.13,1,3,1,1,57.0,13.0
23,Alanya,Pendikspor,Volkan Bayarslan,25.13,20.58,69,70,68,69,67,67,67,66,1.66,3.15,3.44,2,1.66,1.64,0,1,1,0,27.0,23.0
23,Adana,Hatayspor,Mert Guzenge,38.63,26.75,70,74,73,72,68,66,65,67,1.74,3.13,3.16,1,1.66,1.64,0,0,1,2,31.0,25.0
23,Konyaspor,Basaksehir,Alper Akarsu,26.5,44.2,66,69,71,69,73,72,71,72,2.48,2.78,2.22,5,1.43,1.93,1,2,3,2,21.0,30.0
23,Karagumruk,Rize,Turgut Doman,24.83,31.28,67,67,67,67,65,66,65,65,2.05,2.89,2.63,4,1.6,1.7,1,4,0,1,24.0,35.0
23,Sivasspor,Beşiktaş,Ali Sansalan,20.13,138.93,67,69,66,67,77,75,73,74,2.68,2.94,2.00,1,1.58,1.73,0,1,0,1,29.0,36.0
23,Fenerbahce,Ankaragücü,Cihan Aydin,201.45,34.68,78,74,76,76,70,68,68,69,1.06,5.58,10.70,3,2.24,1.3,1,2,1,1,60.0,28.0
23,Istanbulspor,Samsunspor,Omer Turtay,7.8,33.23,65,64,65,65,69,69,69,69,2.89,2.84,1.94,2,1.42,1.96,0,1,1,0,14.0,26.0
23,Kayserispor,Antalyaspor,Direnç Tosunoğlu,29.35,29.98,72,66,68,66,72,68,69,69,2.54,2.93,2.09,2,1.64,1.66,0,1,1,0,30.0,34.0
23,Galatasaray,Gaziantep,Arda Kardesler,193.38,22.33,79,78,78,78,69,69,66,67,1.05,6.60,11.60,3,2.78,1.17,1,2,1,1,60.0,23.0
23,Trabzonspor,Kasımpaşa,Tugay Numanoglu,98.88,27.93,75,75,73,74,67,66,67,66,1.52,3.60,3.61,5,2.04,1.38,1,2,3,2,37.0,32.0
24,Ankaragücü,Sivasspor,Abdulkadir Bitigen,34.68,20.13,70,68,68,69,67,69,66,67,1.72,3.03,3.56,0,1.5,1.9,0,0,0,0,29.0,30.0
24,Hatayspor,Karagumruk,Omer Turtay,26.75,24.83,68,66,65,67,67,67,67,67,2.47,2.79,2.33,4,1.43,2.03,1,3,1,1,28.0,24.0
24,Samsunspor,Galatasaray,Tugay Numanoglu,33.23,193.38,69,69,69,69,79,78,78,78,2.47,2.79,2.33,2,1.92,1.5,0,0,2,2,26.0,63.0
24,Rize,Konyaspor,Cihan Aydin,31.28,26.5,65,66,65,65,66,69,71,69,1.57,3.32,3.96,0,1.71,1.65,0,0,0,0,36.0,22.0
24,Basaksehir,Istanbulspor,Emre Kargin,44.2,7.8,73,72,71,72,65,64,65,65,1.42,3.56,4.81,2,1.66,1.71,0,2,0,1,33.0,14.0
24,Gaziantep,Kayserispor,Murat Erdogan,22.33,29.35,69,69,66,67,72,66,68,66,1.93,3.08,2.87,2,1.69,1.66,0,1,1,0,24.0,31.0
24,Antalyaspor,Fenerbahce,Volkan Bayarslan,29.98,201.45,72,68,69,69,78,74,76,76,5.19,3.89,1.35,2,1.96,1.47,0,0,2,2,34.0,63.0
24,Pendikspor,Adana,Direnç Tosunoğlu,20.58,38.63,67,67,67,66,70,74,73,72,1.80,3.28,3.04,3,1.91,1.5,1,2,1,1,26.0,31.0
24,Kasımpaşa,Alanya,Oğuzhan Cakir,27.93,25.13,67,66,67,66,69,70,68,69,2.15,3.23,2.39,3,2.0,1.44,1,2,1,1,35.0,27.0
24,Beşiktaş,Trabzonspor,Arda Kardesler,138.93,98.88,77,75,73,74,75,75,73,74,1.74,3.10,3.39,2,1.61,1.75,0,2,0,1,39.0,37.0
25,Adana,Kasımpaşa,Burak Pakkan,38.63,27.93,70,74,73,72,67,66,67,66,1.97,3.31,2.63,4,2.12,1.39,1,1,3,2,31.0,38.0
25,Karagumruk,Pendikspor,Zorbay Kucuk,24.83,20.58,67,67,67,67,67,67,67,66,1.80,3.16,3.13,2,1.76,1.6,0,2,0,1,27.0,26.0
25,Galatasaray,Basaksehir,Cihan Aydin,193.38,44.2,79,78,78,78,73,72,71,72,1.18,4.96,6.78,2,2.5,1.26,0,2,0,1,66.0,33.0
25,Sivasspor,Rize,Emre Kargin,20.13,31.28,67,69,66,67,65,66,65,65,2.19,2.97,2.52,1,1.65,1.72,0,1,0,1,33.0,36.0
25,Konyaspor,Ankaragücü,Direnç Tosunoğlu,26.5,34.68,66,69,71,69,70,68,68,69,2.47,2.70,2.40,1,1.36,2.2,0,1,0,1,25.0,29.0
25,Istanbulspor,Gaziantep,Abdulkadir Bitigen,7.8,22.33,65,64,65,65,69,69,66,67,2.86,2.84,2.05,4,1.5,1.91,1,1,3,2,14.0,27.0
25,Fenerbahce,Alanya,Cagdas Altay,201.45,25.13,78,74,76,76,69,70,68,69,1.06,6.38,11.10,4,2.71,1.22,1,2,2,0,64.0,28.0
25,Trabzonspor,Hatayspor,Ali Sansalan,98.88,26.75,75,75,73,74,68,66,65,67,1.42,3.44,4.90,2,1.64,1.69,0,2,0,1,40.0,28.0
25,Samsunspor,Antalyaspor,Atilla Karaoğlan,33.23,29.98,69,69,69,69,72,68,69,69,1.84,2.95,3.12,2,1.54,1.81,0,2,0,1,29.0,34.0
25,Kayserispor,Beşiktaş,Kadir Saglam,29.35,138.93,72,66,68,66,77,75,73,74,2.79,3.16,1.90,0,1.82,1.52,0,0,0,0,32.0,40.0
26,Kasımpaşa,Karagumruk,Kadir Saglam,27.93,24.83,67,66,67,66,67,67,67,67,2.48,3.12,2.09,2,1.92,1.47,0,1,1,0,39.0,28.0
26,Antalyaspor,Istanbulspor,Mehmet Turkmen,29.98,7.8,72,68,69,69,65,64,65,65,1.25,4.10,6.18,4,1.87,1.5,1,2,2,0,35.0,15.0
26,Hatayspor,Sivasspor,Ümit Ozturk,26.75,20.13,68,66,65,67,67,69,66,67,2.02,2.84,2.82,2,1.5,1.87,0,1,1,0,29.0,34.0
26,Rize,Fenerbahce,Arda Kardesler,31.28,201.45,65,66,65,65,78,74,76,76,5.54,4.22,1.27,4,2.22,1.33,1,1,3,2,36.0,67.0
26,Alanya,Adana,Bahattin Simsek,25.13,38.63,69,70,68,69,70,74,73,72,1.94,3.10,2.74,6,1.84,1.51,1,3,3,0,29.0,32.0
26,Gaziantep,Samsunspor,Zorbay Kucuk,22.33,33.23,69,69,66,67,69,69,69,69,2.71,2.71,2.15,2,1.45,1.95,0,1,1,0,28.0,30.0
26,Pendikspor,Trabzonspor,Halil Umut Meler,20.58,98.88,67,67,67,66,75,75,73,74,2.71,3.08,1.97,2,1.78,1.56,0,0,2,2,26.0,43.0
26,Ankaragücü,Galatasaray,Ali Sansalan,34.68,193.38,70,68,68,69,79,78,78,78,3.87,3.39,1.54,3,1.79,1.56,1,0,3,2,29.0,69.0
26,Beşiktaş,Konyaspor,Tugay Numanoglu,138.93,26.5,77,75,73,74,66,69,71,69,1.38,3.69,5.12,2,1.81,1.57,0,2,0,1,43.0,25.0
26,Basaksehir,Kayserispor,Oğuzhan Cakir,44.2,29.35,73,72,71,72,72,66,68,66,1.76,3.15,3.28,5,1.73,1.63,1,2,3,2,33.0,35.0
27,Samsunspor,Rize,Murat Erdogan,33.23,31.28,69,69,69,69,65,66,65,65,1.58,3.36,3.79,3,1.81,1.57,1,3,0,1,33.0,36.0
27,Kayserispor,Ankaragücü,Turgut Doman,29.35,34.68,72,66,68,66,70,68,68,69,1.97,2.88,2.97,5,1.5,1.9,1,3,2,1,38.0,29.0
27,Gaziantep,Basaksehir,Ali Sansalan,22.33,44.2,69,69,66,67,73,72,71,72,2.48,2.88,2.26,2,1.67,1.68,0,0,2,2,28.0,36.0
27,Konyaspor,Hatayspor,Zorbay Kucuk,26.5,26.75,66,69,71,69,68,66,65,67,2.01,2.85,2.92,2,1.45,1.99,0,2,0,1,28.0,29.0
27,Fenerbahce,Kasımpaşa,Cihan Aydin,201.45,27.93,78,74,76,76,67,66,67,66,1.08,6.29,9.70,3,3.0,1.17,1,2,1,1,70.0,39.0
27,Sivasspor,Pendikspor,Burak Pakkan,20.13,20.58,67,69,66,67,67,67,67,66,2.17,3.03,2.48,5,1.77,1.59,1,4,1,1,37.0,26.0
27,Karagumruk,Alanya,Tugay Numanoglu,24.83,25.13,67,67,67,67,69,70,68,69,1.66,3.16,3.68,2,1.7,1.66,0,1,1,0,29.0,30.0
27,Trabzonspor,Adana,Burak Seker,98.88,38.63,75,75,73,74,70,74,73,72,1.66,3.35,3.48,1,2.04,1.43,0,1,0,1,46.0,32.0
27,Istanbulspor,Beşiktaş,Atilla Karaoğlan,7.8,138.93,65,64,65,65,77,75,73,74,5.38,3.98,1.33,2,1.99,1.45,0,0,2,2,15.0,46.0
27,Galatasaray,Antalyaspor,Abdulkadir Bitigen,193.38,29.98,79,78,78,78,72,68,69,69,1.17,5.06,7.06,3,2.56,1.25,1,2,1,1,72.0,35.0
28,Kasımpaşa,Sivasspor,Burak Seker,27.93,20.13,67,66,67,66,67,69,66,67,1.74,3.23,3.27,0,1.85,1.54,0,0,0,0,40.0,38.0
28,Ankaragücü,Istanbulspor,Muhammet Metoglu,34.68,7.8,70,68,68,69,65,64,65,65,1.39,3.62,5.09,2,1.71,1.65,0,1,1,0,30.0,16.0
28,Rize,Kayserispor,Burak Pakkan,31.28,29.35,65,66,65,65,72,66,68,66,1.83,3.16,3.03,3,1.92,1.5,1,3,0,1,39.0,38.0
28,Hatayspor,Fenerbahce,Atilla Karaoğlan,26.75,201.45,68,66,65,67,78,74,76,76,7.07,4.64,1.20,2,2.06,1.42,0,0,2,2,29.0,73.0
28,Pendikspor,Konyaspor,Ümit Ozturk,20.58,26.5,67,67,67,66,66,69,71,69,1.93,3.06,2.88,2,1.64,1.73,0,0,2,2,26.0,31.0
28,Basaksehir,Samsunspor,Abdullah Taskinsoy,44.2,33.23,73,72,71,72,69,69,69,69,2.04,2.91,2.80,1,1.52,1.88,0,1,0,1,39.0,33.0
28,Beşiktaş,Galatasaray,Halil Umut Meler,138.93,193.38,77,75,73,74,79,78,78,78,2.87,3.29,1.86,1,2.06,1.42,0,0,1,2,46.0,75.0
28,Adana,Karagumruk,Murat Erdogan,38.63,24.83,70,74,73,72,67,67,67,67,2.03,2.99,2.75,1,1.68,1.68,0,1,0,1,35.0,29.0
28,Antalyaspor,Gaziantep,Direnç Tosunoğlu,29.98,22.33,72,68,69,69,69,69,66,67,1.68,3.16,3.56,1,1.61,1.75,0,1,0,1,38.0,28.0
28,Alanya,Trabzonspor,Volkan Bayarslan,25.13,98.88,69,70,68,69,75,75,73,74,2.55,3.01,2.14,4,1.66,1.71,1,3,1,1,33.0,46.0
29,Galatasaray,Rize,Bahattin Simsek,193.38,31.28,79,78,78,78,65,66,65,65,1.13,5.59,7.89,8,2.93,1.17,1,6,2,1,78.0,39.0
29,Sivasspor,Alanya,Ali Sansalan,20.13,25.13,67,69,66,67,69,70,68,69,2.14,2.91,2.63,3,1.54,1.84,1,1,2,2,38.0,36.0
29,Konyaspor,Adana,Volkan Bayarslan,26.5,38.63,66,69,71,69,70,74,73,72,2.28,2.79,2.54,4,1.43,2.03,1,2,2,0,32.0,36.0
29,Basaksehir,Antalyaspor,Mert Guzenge,44.2,29.98,73,72,71,72,72,68,69,69,2.03,3.01,2.73,1,1.62,1.74,0,1,0,1,42.0,38.0
29,Trabzonspor,Karagumruk,Zorbay Kucuk,98.88,24.83,75,75,73,74,67,67,67,67,1.60,3.39,3.68,6,1.82,1.57,1,5,1,1,49.0,29.0
29,Kayserispor,Hatayspor,Halil Umut Meler,29.35,26.75,72,66,68,66,68,66,65,67,1.68,3.23,3.48,2,1.72,1.64,0,1,1,0,39.0,30.0
29,Istanbulspor,Kasımpaşa,Cagdas Altay,7.8,27.93,65,64,65,65,67,66,67,66,3.23,3.44,1.69,3,1.99,1.45,1,1,2,2,16.0,43.0
29,Samsunspor,Ankaragücü,Ümit Ozturk,33.23,34.68,69,69,69,69,70,68,68,69,1.88,2.87,3.24,3,1.46,1.98,1,2,1,1,36.0,30.0
29,Fenerbahce,Pendikspor,Kadir Saglam,201.45,20.58,78,74,76,76,67,67,67,66,1.08,6.35,9.83,5,2.98,1.17,1,4,1,1,76.0,26.0
29,Gaziantep,Beşiktaş,Arda Kardesler,22.33,138.93,69,69,66,67,77,75,73,74,3.03,3.03,1.88,2,1.59,1.77,0,2,0,1,31.0,46.0
30,Karagumruk,Konyaspor,Bahattin Simsek,24.83,26.5,67,67,67,67,66,69,71,69,1.79,2.89,3.51,2,1.44,2.0,0,1,1,0,30.0,33.0
30,Pendikspor,Istanbulspor,Oğuzhan Cakir,20.58,7.8,67,67,67,66,65,64,65,65,1.40,3.75,4.74,1,1.96,1.47,0,1,0,1,29.0,16.0
30,Alanya,Kayserispor,Emre Kargin,25.13,29.35,69,70,68,69,72,66,68,66,1.82,3.11,3.12,1,1.86,1.53,0,1,0,1,39.0,39.0
30,Ankaragücü,Basaksehir,Cihan Aydin,34.68,44.2,70,68,68,69,73,72,71,72,2.19,2.82,2.63,3,1.46,1.98,1,2,1,1,33.0,42.0
30,Beşiktaş,Antalyaspor,Burak Pakkan,138.93,29.98,77,75,73,74,72,68,69,69,1.72,3.07,3.52,3,1.66,1.7,1,1,2,2,46.0,41.0
30,Adana,Sivasspor,Tugay Numanoglu,38.63,20.13,70,74,73,72,67,69,66,67,1.52,3.16,4.56,5,1.58,1.8,1,4,1,1,39.0,38.0
30,Rize,Gaziantep,Abdulkadir Bitigen,31.28,22.33,65,66,65,65,69,69,66,67,1.69,3.12,3.56,4,1.71,1.65,1,3,1,1,42.0,31.0
30,Kasımpaşa,Galatasaray,Atilla Karaoğlan,27.93,193.38,67,66,67,66,79,78,78,78,4.88,4.16,1.34,7,2.42,1.28,1,3,4,2,43.0,81.0
30,Hatayspor,Samsunspor,Burak Seker,26.75,33.23,68,66,65,67,69,69,69,69,2.93,2.81,2.03,3,1.46,1.98,1,3,0,1,33.0,36.0
30,Trabzonspor,Fenerbahce,Halil Umut Meler,98.88,201.45,75,75,73,74,78,74,76,76,3.03,3.23,1.82,5,1.83,1.55,1,2,3,2,49.0,79.0
31,Istanbulspor,Rize,Alper Akarsu,7.8,31.28,65,64,65,65,65,66,65,65,4.04,3.53,1.51,4,1.93,1.49,1,0,4,2,16.0,45.0
31,Antalyaspor,Ankaragücü,Cagdas Altay,29.98,34.68,72,68,69,69,70,68,68,69,1.78,3.06,3.29,2,1.65,1.72,0,1,1,0,42.0,34.0
31,Galatasaray,Hatayspor,Ali Sansalan,193.38,26.75,79,78,78,78,68,66,65,67,1.05,6.58,12.05,1,2.68,1.22,0,1,0,1,84.0,33.0
31,Gaziantep,Alanya,Ümit Ozturk,22.33,25.13,69,69,66,67,69,70,68,69,2.01,2.95,2.80,3,1.61,1.75,1,0,3,2,31.0,42.0
31,Sivasspor,Karagumruk,Turgut Doman,20.13,24.83,67,69,66,67,67,67,67,67,2.23,2.86,2.56,1,1.44,2.0,0,1,0,1,41.0,30.0
31,Kayserispor,Kasımpaşa,Omer Turtay,29.35,27.93,72,66,68,66,67,66,67,66,1.82,3.37,2.88,2,2.18,1.37,0,0,2,2,39.0,46.0
31,Konyaspor,Trabzonspor,Atilla Karaoğlan,26.5,98.88,66,69,71,69,75,75,73,74,2.86,2.95,1.98,4,1.54,1.84,1,1,3,2,33.0,52.0
31,Fenerbahce,Adana,Arda Kardesler,201.45,38.63,78,74,76,76,70,74,73,72,1.14,5.33,7.84,6,2.49,1.26,1,4,2,1,82.0,39.0
31,Samsunspor,Pendikspor,Bahattin Simsek,33.23,20.58,69,69,69,69,67,67,67,66,1.82,3.04,3.19,0,1.69,1.66,0,0,0,0,37.0,30.0
31,Basaksehir,Beşiktaş,Zorbay Kucuk,44.2,138.93,73,72,71,72,77,75,73,74,2.38,2.97,2.31,0,1.69,1.66,0,0,0,0,43.0,47.0
32,Trabzonspor,Sivasspor,Ümit Ozturk,98.88,20.13,75,75,73,74,67,69,66,67,1.26,4.08,6.36,1,1.89,1.51,0,0,1,2,52.0,44.0
32,Kasımpaşa,Konyaspor,Zorbay Kucuk,27.93,26.5,67,66,67,66,66,69,71,69,1.74,3.14,3.38,2,1.77,1.59,0,0,2,2,46.0,36.0
32,Ankaragücü,Gaziantep,Ali Sansalan,34.68,22.33,70,68,68,69,69,69,66,67,1.63,3.15,3.86,4,1.59,1.78,1,3,1,1,37.0,31.0
32,Beşiktaş,Samsunspor,Direnç Tosunoğlu,138.93,33.23,77,75,73,74,69,69,69,69,1.57,3.30,4.01,2,1.67,1.69,0,1,1,0,48.0,38.0
32,Adana,Kayserispor,Mehmet Turkmen,38.63,29.35,70,74,73,72,72,66,68,66,1.64,3.24,3.68,0,1.96,1.47,0,0,0,0,40.0,40.0
32,Pendikspor,Basaksehir,Halil Umut Meler,20.58,44.2,67,67,67,66,73,72,71,72,2.13,3.03,2.55,5,1.7,1.66,1,2,3,2,30.0,46.0
32,Rize,Antalyaspor,Emre Kargin,31.28,29.98,65,66,65,65,72,68,69,69,1.74,3.33,3.14,3,1.96,1.47,1,3,0,1,48.0,42.0
32,Hatayspor,Istanbulspor,Mert Guzenge,26.75,7.8,68,66,65,67,65,64,65,65,1.28,4.04,6.03,3,1.81,1.57,1,0,3,2,33.0,19.0
32,Karagumruk,Fenerbahce,Tugay Numanoglu,24.83,201.45,67,67,67,67,78,74,76,76,6.03,4.12,1.28,3,1.88,1.52,1,1,2,2,30.0,85.0
32,Alanya,Galatasaray,Cihan Aydin,25.13,193.38,69,70,68,69,79,78,78,78,5.13,4.33,1.31,4,2.53,1.25,1,0,4,2,42.0,87.0
33,Beşiktaş,Ankaragücü,Bahattin Simsek,138.93,34.68,77,75,73,74,70,68,68,69,1.58,3.45,3.70,2,1.67,1.68,0,2,0,1,51.0,37.0
33,Istanbulspor,Karagumruk,Burak Seker,7.8,24.83,65,64,65,65,67,67,67,67,4.44,3.91,1.41,3,2.11,1.4,1,1,2,2,19.0,33.0
33,Konyaspor,Alanya,Oğuzhan Cakir,26.5,25.13,66,69,71,69,69,70,68,69,1.99,3.03,2.78,2,1.57,1.82,0,0,2,2,36.0,45.0
33,Kayserispor,Trabzonspor,Cagdas Altay,29.35,98.88,72,66,68,66,75,75,73,74,2.88,3.19,1.89,3,1.92,1.5,1,1,2,2,40.0,55.0
33,Samsunspor,Adana,Murat Erdogan,33.23,38.63,69,69,69,69,70,74,73,72,2.06,2.94,2.74,2,1.65,1.71,0,1,1,0,39.0,41.0
33,Basaksehir,Rize,Arda Kardesler,44.2,31.28,73,72,71,72,65,66,65,65,1.91,3.14,2.87,2,1.91,1.5,0,2,0,1,49.0,48.0
33,Galatasaray,Pendikspor,Direnç Tosunoğlu,193.38,20.58,79,78,78,78,67,67,67,66,1.10,5.98,8.78,5,3.16,1.14,1,4,1,1,90.0,30.0
33,Antalyaspor,Hatayspor,Abdulkadir Bitigen,29.98,26.75,72,68,69,69,68,66,65,67,1.74,3.15,3.32,3,1.74,1.63,1,2,1,1,45.0,33.0
33,Gaziantep,Kasımpaşa,Kadir Saglam,22.33,27.93,69,69,66,67,67,66,67,66,2.33,3.06,2.29,2,1.85,1.54,0,2,0,1,34.0,46.0
33,Sivasspor,Fenerbahce,Cihan Aydin,20.13,201.45,67,69,66,67,78,74,76,76,8.19,4.98,1.15,4,2.13,1.39,1,2,2,0,45.0,86.0
34,Adana,Galatasaray,Bahattin Simsek,38.63,193.38,70,74,73,72,79,78,78,78,5.28,4.39,1.29,3,2.5,1.26,1,0,3,2,41.0,93.0
34,Sivasspor,Konyaspor,Murat Erdogan,20.13,26.5,67,69,66,67,66,69,71,69,2.39,2.85,2.38,1,1.49,1.93,0,1,0,1,48.0,36.0
34,Kasımpaşa,Samsunspor,Halil Umut Meler,27.93,33.23,67,66,67,66,69,69,69,69,2.00,2.99,2.80,1,1.82,1.56,0,1,0,1,49.0,39.0
34,Fenerbahce,Beşiktaş,Volkan Bayarslan,201.45,138.93,78,74,76,76,77,75,73,74,1.25,4.40,5.95,3,2.04,1.43,1,2,1,1,89.0,51.0
34,Hatayspor,Basaksehir,Atilla Karaoğlan,26.75,44.2,68,66,65,67,73,72,71,72,2.62,2.94,2.14,3,1.56,1.82,1,1,2,2,33.0,52.0
34,Pendikspor,Kayserispor,Zorbay Kucuk,20.58,29.35,67,67,67,66,72,66,68,66,1.82,3.17,3.07,3,2.0,1.45,1,1,2,2,30.0,43.0
34,Alanya,Istanbulspor,Muhammet Metoglu,25.13,7.8,69,70,68,69,65,64,65,65,1.18,4.74,7.30,6,2.53,1.25,1,6,0,1,48.0,19.0
34,Rize,Ankaragücü,Turgut Doman,31.28,34.68,65,66,65,65,70,68,68,69,1.82,3.01,3.22,4,1.71,1.65,1,2,2,0,49.0,38.0
34,Trabzonspor,Gaziantep,Direnç Tosunoğlu,98.88,22.33,75,75,73,74,69,69,66,67,1.36,3.84,5.10,6,1.9,1.5,1,4,2,1,58.0,34.0
34,Karagumruk,Antalyaspor,Kadir Saglam,24.83,29.98,67,67,67,67,72,68,69,69,1.50,3.79,3.88,5,1.89,1.51,1,4,1,1,36.0,45.0
35,Ankaragücü,Alanya,Emre Kargin,34.68,25.13,70,68,68,69,69,70,68,69,1.94,3.03,2.88,2,1.77,1.59,0,1,1,0,39.0,49.0
35,Beşiktaş,Rize,Ali Sansalan,138.93,31.28,77,75,73,74,65,66,65,65,1.53,3.41,4.07,5,2.01,1.44,1,3,2,1,54.0,49.0
35,Istanbulspor,Adana,Abdullah Taskinsoy,7.8,38.63,65,64,65,65,70,74,73,72,4.41,3.96,1.41,1,2.37,1.3,0,0,1,2,19.0,44.0
35,Kayserispor,Karagumruk,Atilla Karaoğlan,29.35,24.83,72,66,68,66,67,67,67,67,2.41,2.90,2.31,4,1.82,1.56,1,2,2,0,44.0,37.0
35,Samsunspor,Trabzonspor,Abdulkadir Bitigen,33.23,98.88,69,69,69,69,75,75,73,74,2.34,2.89,2.39,4,1.65,1.72,1,3,1,1,42.0,58.0
35,Basaksehir,Kasımpaşa,Mert Guzenge,44.2,27.93,73,72,71,72,67,66,67,66,1.77,3.03,3.36,5,1.79,1.58,1,4,1,1,55.0,49.0
35,Gaziantep,Hatayspor,Halil Umut Meler,22.33,26.75,69,69,66,67,68,66,65,67,2.02,2.91,2.84,2,1.57,1.82,0,1,1,0,35.0,34.0
35,Galatasaray,Sivasspor,Arda Kardesler,193.38,20.13,79,78,78,78,67,69,66,67,1,7.40,12.35,7,3.28,1.13,1,6,1,1,96.0,48.0
35,Antalyaspor,Pendikspor,Tugay Numanoglu,29.98,20.58,72,68,69,69,67,67,67,66,1.96,3.26,2.67,3,2.1,1.4,1,1,2,2,45.0,33.0
35,Konyaspor,Fenerbahce,Bahattin Simsek,26.5,201.45,66,69,71,69,78,74,76,76,1.96,3.26,2.67,0,1.83,1.55,0,0,0,0,37.0,90.0
36,Pendikspor,Rize,Atilla Karaoğlan,20.58,31.28,67,67,67,66,65,66,65,65,1.57,3.84,3.43,3,2.47,1.27,1,2,1,1,36.0,49.0
36,Karagumruk,Galatasaray,Volkan Bayarslan,24.83,193.38,67,67,67,67,79,78,78,78,5.76,4.33,1.27,5,2.39,1.3,1,2,3,2,37.0,99.0
36,Sivasspor,Basaksehir,Bahattin Simsek,20.13,44.2,67,69,66,67,73,72,71,72,2.82,3.03,1.98,1,1.63,1.74,0,0,1,2,48.0,58.0
36,Trabzonspor,Istanbulspor,Emre Kargin,98.88,7.8,75,75,73,74,65,64,65,65,1.05,6.91,10.30,3,2.39,3.28,1,3,0,1,61.0,19.0
36,Konyaspor,Samsunspor,Kadir Saglam,26.5,33.23,66,69,71,69,69,69,69,69,1.91,2.93,3.05,3,1.58,1.79,1,3,0,1,40.0,42.0
36,Kasımpaşa,Antalyaspor,Oğuzhan Cakir,27.93,29.98,72,67,66,67,72,68,69,69,1.56,3.56,3.72,4,2.23,1.34,1,3,1,1,52.0,45.0
36,Alanya,Beşiktaş,Tugay Numanoglu,25.13,138.93,69,70,68,69,77,75,73,74,2.44,3.36,2.07,2,2.04,1.42,0,1,1,0,50.0,55.0
36,Adana,Gaziantep,Abdulkadir Bitigen,38.63,22.33,70,74,73,72,69,69,66,67,1.94,3.18,2.77,7,2.12,1.39,1,1,6,2,44.0,38.0
36,Fenerbahce,Kayserispor,Direnç Tosunoğlu,201.45,29.35,78,74,76,76,72,66,68,66,1.05,6.72,12.35,3,2.93,1.17,1,3,0,1,93.0,44.0
36,Hatayspor,Ankaragücü,Ali Sansalan,26.75,34.68,68,66,65,67,70,68,68,69,2.26,3.04,2.39,3,1.73,1.63,1,2,1,1,37.0,39.0
